{"best_score":-1,"final_test/Recall@80":0.10250068528280706,"train/epoch_loss":0.3017884580468809,"test/Recall@40":0.061923940164687837,"batch_idx":575,"_timestamp":1.7823563851757085e+09,"test/NDCG@80":0.0450578320759517,"train/lr":0.001,"test/NDCG@20":0.023847313414335828,"test/NDCG@40":0.03295930544465941,"final_test/NDCG@40":0.03295930544465941,"test/Recall@20":0.03609178607158886,"final_test/Recall@40":0.061923940164687837,"main_metric":"Recall@20","test/Recall@80":0.10250068528280706,"final_test/NDCG@20":0.023847313414335828,"train/batch_loss":0.31116190552711487,"final_test/Recall@20":0.03609178607158886,"_runtime":807.093356455,"final_test/NDCG@80":0.0450578320759517,"test/main_metric":0.03609178607158886,"_step":1776,"_wandb":{"runtime":807},"epoch":3}